{"providers":["Hazzard\\Events\\EventServiceProvider","Hazzard\\Cookie\\CookieServiceProvider","Hazzard\\Session\\SessionServiceProvider","Hazzard\\Hashing\\HashServiceProvider","Hazzard\\Encryption\\EncryptionServiceProvider","Hazzard\\Translation\\TranslationServiceProvider","Hazzard\\View\\ViewServiceProvider","Hazzard\\Mail\\MailServiceProvider","Hazzard\\Database\\DatabaseServiceProvider","Hazzard\\Validation\\ValidationServiceProvider","Hazzard\\Auth\\AuthServiceProvider","Hazzard\\Auth\\OAuthServiceProvider","Hazzard\\Auth\\RegisterServiceProvider","Hazzard\\Auth\\PasswordReminderServiceProvider","Hazzard\\User\\MetaServiceProvider","Hazzard\\User\\FieldsServiceProvider","Hazzard\\Messages\\MessageServiceProvider"],"eager":["Hazzard\\Events\\EventServiceProvider","Hazzard\\Cookie\\CookieServiceProvider","Hazzard\\Session\\SessionServiceProvider","Hazzard\\Encryption\\EncryptionServiceProvider","Hazzard\\Database\\DatabaseServiceProvider","Hazzard\\Auth\\AuthServiceProvider"],"deferred":{"hash":"Hazzard\\Hashing\\HashServiceProvider","translator":"Hazzard\\Translation\\TranslationServiceProvider","view":"Hazzard\\View\\ViewServiceProvider","mailer":"Hazzard\\Mail\\MailServiceProvider","validator":"Hazzard\\Validation\\ValidationServiceProvider","validation.presence":"Hazzard\\Validation\\ValidationServiceProvider","auth.oauth":"Hazzard\\Auth\\OAuthServiceProvider","auth.register":"Hazzard\\Auth\\RegisterServiceProvider","auth.reminder":"Hazzard\\Auth\\PasswordReminderServiceProvider","user.meta":"Hazzard\\User\\MetaServiceProvider","user.fields":"Hazzard\\User\\FieldsServiceProvider","user.message":"Hazzard\\Messages\\MessageServiceProvider","user.contact":"Hazzard\\Messages\\MessageServiceProvider"}}